Date,TSLA,NIO,BYDDF,NEE,ENPH,PLUG
2023-02-15,214.24000549316406,10.5,29.989688873291016,72.70991516113281,217.8699951171875,16.770000457763672
2023-02-16,202.0399932861328,10.1899995803833,29.50946044921875,71.52864837646484,202.8000030517578,15.84000015258789
2023-02-17,208.30999755859375,10.1899995803833,28.71561622619629,71.88775634765625,204.99000549316406,15.579999923706055
2023-02-21,197.3699951171875,10.029999732971191,28.225587844848633,69.61026000976562,201.64999389648438,14.430000305175781
2023-02-22,200.86000061035156,10.180000305175781,27.960975646972656,69.62915802001953,203.57000732421875,14.539999961853027
2023-02-23,202.07000732421875,9.789999961853027,27.6767578125,68.86368560791016,204.7100067138672,14.649999618530273
2023-02-24,196.8800048828125,9.300000190734863,27.225933074951172,68.91093444824219,198.9600067138672,14.180000305175781
2023-02-27,207.6300048828125,9.329999923706055,26.755504608154297,68.34786987304688,210.77999877929688,14.65999984741211
2023-02-28,205.7100067138672,9.390000343322754,26.392885208129883,67.55843353271484,210.52999877929688,14.869999885559082
2023-03-01,202.77000427246094,8.829999923706055,27.745359420776367,66.45513153076172,212.9499969482422,14.210000038146973
2023-03-02,190.89999389648438,9.09000015258789,28.215789794921875,68.68077087402344,211.55999755859375,13.329999923706055
2023-03-03,197.7899932861328,9.569999694824219,28.421598434448242,70.22158813476562,217.16000366210938,13.84000015258789
2023-03-06,193.80999755859375,9.3100004196167,28.166784286499023,70.76372528076172,225.35000610351562,13.670000076293945
2023-03-07,187.7100067138672,8.970000267028809,27.314138412475586,70.14550018310547,224.2100067138672,13.399999618530273
2023-03-08,182.0,9.180000305175781,27.196531295776367,70.6210708618164,218.30999755859375,13.779999732971191
2023-03-09,172.9199981689453,8.789999961853027,26.755504608154297,70.15501403808594,215.85000610351562,13.020000457763672
2023-03-10,173.44000244140625,8.510000228881836,25.187419891357422,69.44165802001953,210.22000122070312,12.350000381469727
2023-03-13,174.47999572753906,8.550000190734863,24.54058265686035,69.7079849243164,211.52999877929688,12.399999618530273
2023-03-14,183.25999450683594,8.420000076293945,24.844398498535156,70.9063949584961,213.00999450683594,12.15999984741211
2023-03-15,180.4499969482422,8.25,24.638586044311523,71.8289794921875,205.75999450683594,11.800000190734863
2023-03-16,184.1300048828125,8.5,25.26582145690918,72.5042953491211,201.10000610351562,11.800000190734863
2023-03-17,180.1300048828125,8.260000228881836,25.187419891357422,71.9716567993164,183.63999938964844,11.170000076293945
2023-03-20,183.25,8.75,25.167816162109375,72.25698852539062,192.50999450683594,10.84000015258789
2023-03-21,197.5800018310547,9.270000457763672,25.32462501525879,71.67681121826172,207.6300048828125,11.520000457763672
2023-03-22,191.14999389648438,9.09000015258789,25.579439163208008,70.50692749023438,202.14999389648438,11.220000267028809
2023-03-23,192.22000122070312,9.270000457763672,26.089069366455078,70.20256042480469,204.66000366210938,11.489999771118164
2023-03-24,190.41000366210938,9.069999694824219,26.2360782623291,71.99068450927734,195.99000549316406,11.229999542236328
2023-03-27,191.80999755859375,8.930000305175781,25.97146224975586,71.75289154052734,195.8300018310547,10.720000267028809
2023-03-28,189.19000244140625,9.199999809265137,26.980918884277344,71.56266784667969,193.52000427246094,10.399999618530273
2023-03-29,193.8800048828125,9.829999923706055,27.598352432250977,72.39016723632812,203.9499969482422,11.029999732971191
2023-03-30,195.27999877929688,10.460000038146973,28.666614532470703,72.84668731689453,205.27000427246094,11.25
2023-03-31,207.4600067138672,10.510000228881836,28.813621520996094,73.312744140625,210.27999877929688,11.720000267028809
2023-04-03,194.77000427246094,9.800000190734863,28.882225036621094,72.92277526855469,202.60000610351562,11.119999885559082
2023-04-04,192.5800018310547,9.210000038146973,28.647010803222656,73.38883209228516,202.5399932861328,10.579999923706055
2023-04-05,185.52000427246094,8.960000038146973,28.029579162597656,74.50165557861328,193.6699981689453,9.680000305175781
2023-04-06,185.05999755859375,9.010000228881836,28.578407287597656,75.1103744506836,191.0,9.270000457763672
2023-04-10,184.50999450683594,9.050000190734863,28.421598434448242,74.59676361083984,195.8000030517578,9.359999656677246
2023-04-11,186.7899932861328,9.520000457763672,28.323593139648438,74.51116180419922,196.8800048828125,9.760000228881836
2023-04-12,180.5399932861328,9.010000228881836,27.225933074951172,74.74893951416016,196.02999877929688,9.390000343322754
2023-04-13,185.89999389648438,9.100000381469727,27.804166793823242,74.99622344970703,209.69000244140625,9.300000190734863
2023-04-14,185.0,9.270000457763672,27.980573654174805,74.20680236816406,208.89999389648438,9.039999961853027
2023-04-17,187.0399932861328,9.829999923706055,28.813621520996094,74.70140075683594,224.9199981689453,9.5
2023-04-18,184.30999755859375,9.470000267028809,28.862625122070312,74.47311401367188,227.8699951171875,9.020000457763672
2023-04-19,180.58999633789062,8.789999961853027,29.17624282836914,75.08184814453125,224.27000427246094,9.0
2023-04-20,162.99000549316406,8.279999732971191,28.176586151123047,74.901123046875,224.7899932861328,8.850000381469727
2023-04-21,165.0800018310547,8.329999923706055,27.87276840209961,75.12939453125,223.61000061035156,9.050000190734863
2023-04-24,162.5500030517578,8.289999961853027,28.578407287597656,75.17695617675781,224.60000610351562,9.270000457763672
2023-04-25,160.6699981689453,7.900000095367432,27.451345443725586,74.01658630371094,220.60000610351562,8.90999984741211
2023-04-26,153.75,7.679999828338623,28.784221649169922,70.44986724853516,163.8300018310547,8.470000267028809
2023-04-27,160.19000244140625,7.96999979019165,30.322908401489258,72.1428451538086,164.17999267578125,8.970000267028809
2023-04-28,164.30999755859375,7.869999885559082,29.68587303161621,72.88473510742188,164.1999969482422,9.029999732971191
2023-05-01,161.8300018310547,7.809999942779541,29.617267608642578,73.04644012451172,160.58999633789062,8.829999923706055
2023-05-02,160.30999755859375,7.449999809265137,28.558807373046875,72.22846221923828,152.8800048828125,8.59000015258789
2023-05-03,160.61000061035156,7.639999866485596,28.9116268157959,71.7053451538086,155.4199981689453,8.859999656677246
2023-05-04,161.1999969482422,8.0600004196167,29.49966049194336,71.8194808959961,155.4199981689453,8.779999732971191
2023-05-05,170.05999755859375,8.149999618530273,29.646669387817383,71.8194808959961,159.64999389648438,9.289999961853027
2023-05-08,171.7899932861328,8.270000457763672,29.793676376342773,72.34259796142578,163.2899932861328,9.289999961853027
2023-05-09,169.14999389648438,8.15999984741211,29.725072860717773,71.88606262207031,157.8300018310547,8.010000228881836
2023-05-10,168.5399932861328,8.130000114440918,30.597320556640625,73.13201904296875,161.4199981689453,7.829999923706055
2023-05-11,172.0800018310547,8.449999809265137,30.891340255737305,72.38063049316406,160.7899932861328,7.650000095367432
2023-05-12,167.97999572753906,7.949999809265137,30.068092346191406,74.14974212646484,167.5500030517578,7.480000019073486
2023-05-15,166.35000610351562,8.25,30.999143600463867,73.7502670288086,168.7100067138672,7.849999904632568
2023-05-16,166.52000427246094,7.909999847412109,30.43071174621582,72.13335418701172,160.9600067138672,7.550000190734863
2023-05-17,173.86000061035156,8.029999732971191,30.244503021240234,71.65778350830078,163.72999572753906,8.039999961853027
2023-05-18,176.88999938964844,7.820000171661377,29.989688873291016,71.42951202392578,163.72000122070312,7.869999885559082
2023-05-19,180.13999938964844,8.069999694824219,30.55811882019043,70.8398208618164,162.3699951171875,7.730000019073486
2023-05-22,188.8699951171875,8.789999961853027,31.655780792236328,70.93492889404297,164.64999389648438,8.829999923706055
2023-05-23,185.77000427246094,8.75,30.969741821289062,70.53546142578125,162.8300018310547,8.8100004196167
2023-05-24,182.89999389648438,7.920000076293945,30.636524200439453,70.61154174804688,164.0500030517578,8.460000038146973
2023-05-25,184.47000122070312,7.539999961853027,28.99003028869629,69.8031005859375,164.58999633789062,8.380000114440918
2023-05-26,193.1699981689453,7.699999809265137,29.23504638671875,70.75841522216797,165.1999969482422,8.25
2023-05-30,201.16000366210938,7.409999847412109,29.156641006469727,69.58101654052734,174.1199951171875,8.84000015258789
2023-05-31,203.92999267578125,7.53000020980835,29.597665786743164,70.31807708740234,173.8800048828125,8.319999694824219
2023-06-01,207.52000427246094,7.539999961853027,30.185697555541992,69.83946990966797,181.47000122070312,8.460000038146973
2023-06-02,213.97000122070312,7.559999942779541,30.871736526489258,70.69139862060547,181.86000061035156,8.770000457763672
2023-06-05,217.61000061035156,7.670000076293945,31.175554275512695,70.44251251220703,182.72999572753906,8.420000076293945
2023-06-06,221.30999755859375,7.880000114440918,32.09680938720703,70.24149322509766,182.61000061035156,9.039999961853027
2023-06-07,224.57000732421875,7.760000228881836,31.342164993286133,70.99771118164062,182.08999633789062,9.550000190734863
2023-06-08,234.86000061035156,7.789999961853027,31.410768508911133,71.69650268554688,181.39999389648438,9.520000457763672
2023-06-09,244.39999389648438,7.730000019073486,31.557777404785156,70.90198516845703,174.5800018310547,9.170000076293945
2023-06-12,249.8300018310547,8.399999618530273,32.19480895996094,70.81584167480469,176.88999938964844,10.369999885559082
2023-06-13,258.7099914550781,8.890000343322754,32.560203552246094,71.1700210571289,179.66000366210938,10.90999984741211
2023-06-14,256.7900085449219,9.050000190734863,33.07234191894531,70.26065063476562,179.1999969482422,10.6899995803833
2023-06-15,255.89999389648438,9.789999961853027,34.44132995605469,71.1795883178711,180.50999450683594,10.819999694824219
2023-06-16,260.5400085449219,9.399999618530273,33.79130554199219,72.35697174072266,181.80999755859375,10.569999694824219
2023-06-20,274.45001220703125,9.350000381469727,32.94430923461914,71.56246948242188,171.99000549316406,9.979999542236328
2023-06-21,259.4599914550781,9.069999694824219,32.85566711425781,72.53885650634766,167.99000549316406,9.880000114440918
2023-06-22,264.6099853515625,8.920000076293945,32.8753662109375,71.91665649414062,162.52999877929688,9.680000305175781
2023-06-23,256.6000061035156,8.430000305175781,32.05791091918945,70.99771118164062,158.69000244140625,9.199999809265137
2023-06-26,241.0500030517578,8.399999618530273,31.762447357177734,71.11258697509766,159.2100067138672,9.130000114440918
2023-06-27,250.2100067138672,9.34000015258789,31.92987632751465,70.74883270263672,161.02999877929688,9.260000228881836
2023-06-28,256.239990234375,9.520000457763672,31.673809051513672,70.29894256591797,161.4199981689453,9.4399995803833
2023-06-29,257.5,9.390000343322754,30.895751953125,69.69586181640625,158.77000427246094,10.0
2023-06-30,261.7699890136719,9.6899995803833,31.51622772216797,71.02642822265625,167.47999572753906,10.390000343322754
2023-07-03,279.82000732421875,10.029999732971191,32.5995979309082,71.19873046875,169.5500030517578,10.300000190734863
2023-07-05,282.4800109863281,10.220000267028809,33.092037200927734,71.74434661865234,165.33999633789062,10.640000343322754
2023-07-06,276.5400085449219,9.5600004196167,32.865516662597656,69.89690399169922,161.3800048828125,9.949999809265137
2023-07-07,274.42999267578125,9.989999771118164,32.796573638916016,68.9683837890625,166.1699981689453,10.609999656677246
2023-07-10,269.6099853515625,10.779999732971191,32.796573638916016,68.64292907714844,175.47000122070312,10.949999809265137
2023-07-11,269.7900085449219,10.8100004196167,33.32841110229492,69.1023941040039,173.77999877929688,11.180000305175781
2023-07-12,271.989990234375,11.15999984741211,33.39735412597656,70.3276596069336,182.8000030517578,11.5
2023-07-13,277.8999938964844,10.760000228881836,33.485992431640625,70.55738067626953,182.63999938964844,12.359999656677246
2023-07-14,281.3800048828125,10.539999961853027,34.00797653198242,70.0691909790039,177.94000244140625,12.140000343322754
2023-07-17,290.3800048828125,10.5600004196167,33.64357376098633,69.55230712890625,189.6699981689453,12.760000228881836
2023-07-18,293.3399963378906,10.420000076293945,33.121585845947266,68.9683837890625,184.0500030517578,12.789999961853027
2023-07-19,291.260009765625,10.640000343322754,33.702667236328125,69.01625061035156,185.49000549316406,13.170000076293945
2023-07-20,262.8999938964844,10.319999694824219,33.525386810302734,70.93070220947266,175.9199981689453,12.619999885559082
2023-07-21,260.0199890136719,10.579999923706055,33.40719985961914,72.65371704101562,177.47999572753906,12.390000343322754
2023-07-24,269.05999755859375,11.729999542236328,33.653419494628906,72.27082824707031,177.80999755859375,12.329999923706055
2023-07-25,265.2799987792969,11.90999984741211,33.3382568359375,72.21339416503906,179.47000122070312,11.829999923706055
2023-07-26,264.3500061035156,13.170000076293945,34.07691955566406,71.18916320800781,173.36000061035156,12.010000228881836
2023-07-27,255.7100067138672,13.239999771118164,33.13143539428711,70.13619995117188,166.8000030517578,11.649999618530273
2023-07-28,266.44000244140625,14.739999771118164,34.815582275390625,69.73416137695312,154.3300018310547,11.859999656677246
2023-07-31,267.42999267578125,15.300000190734863,35.15044021606445,70.16492462158203,151.8300018310547,13.119999885559082
2023-08-01,261.07000732421875,14.630000114440918,34.64815139770508,69.08324432373047,150.32000732421875,12.760000228881836
2023-08-02,254.11000061035156,14.569999694824219,33.90949249267578,68.83438110351562,140.69000244140625,11.649999618530273
2023-08-03,259.32000732421875,15.460000038146973,34.559513092041016,67.1017837524414,140.36000061035156,11.720000267028809
2023-08-04,253.86000061035156,14.720000267028809,33.68296813964844,66.21156311035156,140.0,11.5600004196167
2023-08-07,251.4499969482422,14.819999694824219,33.86024856567383,65.70423126220703,135.4499969482422,11.050000190734863
2023-08-08,249.6999969482422,14.069999694824219,32.42231750488281,65.771240234375,135.77000427246094,10.90999984741211
2023-08-09,242.19000244140625,13.460000038146973,32.27458572387695,65.9722671508789,138.4600067138672,10.75
2023-08-10,245.33999633789062,13.25,32.55035400390625,65.36920166015625,136.4600067138672,9.050000190734863
2023-08-11,242.64999389648438,12.899999618530273,31.585168838500977,65.9722671508789,135.1999969482422,9.109999656677246
2023-08-14,239.75999450683594,12.520000457763672,29.871475219726562,65.62765502929688,138.58999633789062,9.289999961853027
2023-08-15,232.9600067138672,11.829999923706055,29.05402183532715,64.46940612792969,134.55999755859375,8.890000343322754
2023-08-16,225.60000610351562,11.399999618530273,28.31536102294922,64.67042541503906,132.8800048828125,8.579999923706055
2023-08-17,219.22000122070312,11.5,28.955533981323242,64.62256622314453,131.44000244140625,8.59000015258789
2023-08-18,215.49000549316406,10.670000076293945,27.635791778564453,64.92887878417969,130.33999633789062,8.640000343322754
2023-08-21,231.27999877929688,10.949999809265137,27.783523559570312,64.2109603881836,130.16000366210938,8.84000015258789
2023-08-22,233.19000244140625,10.789999961853027,27.517606735229492,64.63213348388672,128.32000732421875,8.430000305175781
2023-08-23,236.86000061035156,10.84000015258789,27.872163772583008,64.98631286621094,130.36000061035156,8.199999809265137
2023-08-24,230.0399932861328,10.640000343322754,28.06913948059082,64.344970703125,122.33999633789062,7.989999771118164
2023-08-25,238.58999633789062,10.829999923706055,28.384302139282227,65.05331420898438,124.08999633789062,8.130000114440918
2023-08-28,238.82000732421875,11.020000457763672,29.004779815673828,65.11074829101562,125.30000305175781,8.329999923706055
2023-08-29,257.17999267578125,10.890000343322754,30.413158416748047,65.07027435302734,129.0500030517578,8.880000114440918
2023-08-30,256.8999938964844,10.670000076293945,31.102577209472656,64.66544342041016,128.11000061035156,8.569999694824219
2023-08-31,258.0799865722656,10.270000457763672,31.00408935546875,64.38593292236328,126.52999877929688,8.460000038146973
2023-09-01,245.00999450683594,11.0,31.585168838500977,64.45339965820312,128.72999572753906,8.510000228881836
2023-09-05,256.489990234375,10.8100004196167,31.319250106811523,63.80760955810547,127.7699966430664,8.5600004196167
2023-09-06,251.9199981689453,10.579999923706055,31.51622772216797,63.316043853759766,123.02999877929688,8.449999809265137
2023-09-07,251.49000549316406,10.079999923706055,30.9252986907959,63.855796813964844,122.2300033569336,8.270000457763672
2023-09-08,248.5,10.039999961853027,30.7086238861084,64.41484069824219,120.2300033569336,7.960000038146973
2023-09-11,273.5799865722656,10.329999923706055,31.319250106811523,65.08954620361328,122.19000244140625,7.989999771118164
2023-09-12,267.4800109863281,10.569999694824219,32.304134368896484,65.2823257446289,123.3499984741211,8.300000190734863
2023-09-13,271.29998779296875,10.069999694824219,31.319250106811523,65.95702362060547,119.5999984741211,8.210000038146973
2023-09-14,276.0400085449219,10.380000114440918,30.97454261779785,66.77630615234375,122.30999755859375,8.729999542236328
2023-09-15,274.3900146484375,10.430000305175781,30.895751953125,66.15943145751953,120.30000305175781,8.520000457763672
2023-09-18,265.2799987792969,10.3100004196167,31.12227439880371,65.77388000488281,117.16000366210938,8.149999618530273
2023-09-19,266.5,8.550000190734863,30.9252986907959,65.14739227294922,122.08999633789062,8.239999771118164
2023-09-20,262.5899963378906,8.819999694824219,30.748018264770508,64.91605377197266,123.97000122070312,8.09000015258789
2023-09-21,255.6999969482422,8.449999809265137,29.94041633605957,64.49195861816406,124.8499984741211,7.599999904632568
2023-09-22,244.8800048828125,8.529999732971191,30.944995880126953,65.25340270996094,119.91999816894531,7.429999828338623
2023-09-25,246.99000549316406,8.350000381469727,31.12227439880371,65.0317153930664,121.0999984741211,7.46999979019165
2023-09-26,244.1199951171875,8.40999984741211,30.294973373413086,62.978694915771484,119.1500015258789,7.550000190734863
2023-09-27,240.5,8.460000038146973,29.989660263061523,57.79311752319336,120.11000061035156,7.730000019073486
2023-09-28,246.3800048828125,8.90999984741211,29.64495277404785,55.0172004699707,120.0199966430664,7.570000171661377
2023-09-29,250.22000122070312,9.039999961853027,30.42300796508789,55.219608306884766,120.1500015258789,7.599999904632568
2023-10-02,251.60000610351562,8.789999961853027,30.038904190063477,50.26536560058594,116.83999633789062,6.829999923706055
2023-10-03,246.52999877929688,8.609999656677246,30.038904190063477,50.872596740722656,114.22000122070312,6.53000020980835
2023-10-04,261.1600036621094,8.829999923706055,29.3199405670166,48.790653228759766,117.18000030517578,6.53000020980835
2023-10-05,260.04998779296875,8.65999984741211,29.398731231689453,47.66294479370117,116.01000213623047,6.400000095367432
2023-10-06,260.5299987792969,8.720000267028809,29.891172409057617,48.42439270019531,119.16000366210938,6.610000133514404
2023-10-09,259.6700134277344,8.34000015258789,29.556312561035156,47.53763961791992,119.75,6.409999847412109
2023-10-10,263.6199951171875,8.829999923706055,30.324522018432617,49.715965270996094,125.75,7.159999847412109
2023-10-11,262.989990234375,8.970000267028809,30.53134536743164,51.60512924194336,128.61000061035156,7.539999961853027
2023-10-12,258.8699951171875,8.4399995803833,30.82680892944336,51.08464431762695,124.58000183105469,7.409999847412109
2023-10-13,251.1199951171875,8.470000267028809,30.38361358642578,52.52080154418945,123.80999755859375,7.340000152587891
2023-10-16,253.9199981689453,8.520000457763672,30.541194915771484,52.414772033691406,127.11000061035156,7.510000228881836
2023-10-17,254.85000610351562,8.529999732971191,31.23061180114746,52.21236038208008,129.24000549316406,7.71999979019165
2023-10-18,242.67999267578125,7.909999847412109,31.801843643188477,51.315975189208984,123.83999633789062,7.0
2023-10-19,220.11000061035156,7.690000057220459,31.181367874145508,50.4966926574707,115.9000015258789,6.559999942779541
2023-10-20,211.99000549316406,7.579999923706055,30.53134536743164,50.08222961425781,98.88999938964844,6.099999904632568
2023-10-23,212.0800018310547,7.590000152587891,30.53134536743164,49.65813064575195,96.29000091552734,5.880000114440918
2023-10-24,216.52000427246094,8.09000015258789,30.96469497680664,53.128028869628906,94.83999633789062,6.300000190734863
2023-10-25,212.4199981689453,7.599999904632568,30.30482292175293,54.41960525512695,94.3499984741211,6.21999979019165
2023-10-26,205.75999450683594,7.630000114440918,30.53134536743164,55.48949432373047,96.18000030517578,6.260000228881836
2023-10-27,207.3000030517578,7.440000057220459,30.432857513427734,54.207557678222656,82.08999633789062,5.900000095367432
2023-10-30,197.36000061035156,7.519999980926514,30.9252986907959,55.13285827636719,78.66000366210938,5.699999809265137
2023-10-31,200.83999633789062,7.300000190734863,30.038904190063477,56.19310760498047,79.58000183105469,5.889999866485596
2023-11-01,205.66000366210938,7.449999809265137,29.68434715270996,56.31841278076172,76.7300033569336,5.75
2023-11-02,218.50999450683594,7.789999961853027,29.60555648803711,57.74492263793945,78.91999816894531,6.269999980926514
2023-11-03,219.9600067138672,8.229999542236328,30.580589294433594,57.23408508300781,80.80999755859375,6.619999885559082
2023-11-06,219.27000427246094,7.96999979019165,31.270008087158203,56.906368255615234,78.18000030517578,6.260000228881836
2023-11-07,222.17999267578125,7.889999866485596,31.12227439880371,56.34732437133789,78.83000183105469,6.230000019073486
2023-11-08,222.11000061035156,7.920000076293945,30.9252986907959,55.42201614379883,76.9000015258789,6.019999980926514
2023-11-09,209.97999572753906,7.46999979019165,30.619985580444336,52.742488861083984,75.55999755859375,5.929999828338623
2023-11-10,214.64999389648438,7.239999771118164,30.482101440429688,53.14730453491211,77.9800033569336,3.5299999713897705
2023-11-13,223.7100067138672,7.21999979019165,30.649532318115234,52.53044128417969,78.55000305175781,3.4700000286102295
2023-11-14,237.41000366210938,7.579999923706055,31.476831436157227,55.47021484375,91.38999938964844,4.230000019073486
2023-11-15,242.83999633789062,7.940000057220459,31.811691284179688,54.94009017944336,92.80999755859375,4.349999904632568
2023-11-16,233.58999633789062,7.400000095367432,31.279855728149414,54.554542541503906,90.66999816894531,4.179999828338623
2023-11-17,234.3000030517578,7.389999866485596,31.1124267578125,55.29671859741211,92.86000061035156,4.0
2023-11-20,235.60000610351562,7.800000190734863,31.289705276489258,55.26780319213867,98.5,3.869999885559082
2023-11-21,241.1999969482422,7.510000228881836,30.482101440429688,55.88467025756836,98.31999969482422,3.569999933242798
2023-11-22,234.2100067138672,7.46999979019165,30.314672470092773,55.8438606262207,100.19999694824219,3.4800000190734863
2023-11-24,235.4499969482422,7.400000095367432,29.24114990234375,55.92159652709961,100.22000122070312,3.4700000286102295
2023-11-27,236.0800018310547,7.190000057220459,28.433547973632812,55.950748443603516,97.80000305175781,3.4200000762939453
2023-11-28,246.72000122070312,7.210000038146973,27.872163772583008,56.514339447021484,99.0999984741211,3.8399999141693115
2023-11-29,244.13999938964844,7.179999828338623,26.985769271850586,56.708675384521484,100.95999908447266,3.930000066757202
2023-11-30,240.0800018310547,7.269999980926514,26.51302719116211,56.854427337646484,101.0199966430664,4.039999961853027
2023-12-01,238.8300018310547,7.150000095367432,26.109224319458008,57.495758056640625,106.5199966430664,4.539999961853027
2023-12-04,235.5800018310547,7.320000171661377,26.33574676513672,57.0098991394043,108.87000274658203,4.800000190734863
2023-12-05,238.72000122070312,7.429999828338623,26.37514305114746,56.58235549926758,110.0,4.239999771118164
2023-12-06,239.3699951171875,7.75,27.035015106201172,58.496612548828125,106.7699966430664,3.990000009536743
2023-12-07,242.63999938964844,7.489999771118164,27.113805770874023,58.156517028808594,107.16999816894531,4.090000152587891
2023-12-08,243.83999633789062,7.380000114440918,26.542573928833008,58.010765075683594,103.01000213623047,4.010000228881836
2023-12-11,239.74000549316406,7.679999828338623,26.473630905151367,58.02048110961914,103.55000305175781,4.090000152587891
2023-12-12,237.00999450683594,7.269999980926514,26.0107364654541,57.83585739135742,99.81999969482422,3.930000066757202
2023-12-13,239.2899932861328,7.429999828338623,25.872854232788086,60.741249084472656,107.61000061035156,4.309999942779541
2023-12-14,251.0500030517578,7.860000133514404,26.463783264160156,61.00361251831055,120.22000122070312,4.789999961853027
2023-12-15,253.5,7.980000019073486,25.8531551361084,59.759830474853516,123.91999816894531,4.710000038146973
2023-12-18,252.0800018310547,8.350000381469727,25.409957885742188,59.27397537231445,124.02999877929688,4.429999828338623
2023-12-19,257.2200012207031,8.819999694824219,25.754667282104492,59.827850341796875,135.32000732421875,4.409999847412109
2023-12-20,247.13999938964844,7.920000076293945,24.927366256713867,58.14680099487305,128.0,4.159999847412109
2023-12-21,254.5,8.289999961853027,25.666027069091797,57.91358947753906,133.86000061035156,4.409999847412109
2023-12-22,252.5399932861328,8.420000076293945,26.059980392456055,58.05934524536133,133.99000549316406,4.519999980926514
2023-12-26,256.6099853515625,9.329999923706055,26.237258911132812,58.50632858276367,137.33999633789062,4.78000020980835
2023-12-27,261.44000244140625,9.100000381469727,26.22740936279297,58.86586380004883,135.6300048828125,4.710000038146973
2023-12-28,253.17999267578125,9.430000305175781,27.192596435546875,59.29341506958008,134.7899932861328,4.710000038146973
2023-12-29,248.47999572753906,9.069999694824219,27.261537551879883,59.02133560180664,132.13999938964844,4.5
2024-01-02,248.4199981689453,8.420000076293945,26.4440860748291,59.827850341796875,131.24000549316406,4.590000152587891
2024-01-03,238.4499969482422,8.5,26.857736587524414,60.23596954345703,122.62999725341797,4.380000114440918
2024-01-04,237.92999267578125,8.270000457763672,26.51302719116211,60.05134201049805,118.06999969482422,4.289999961853027
2024-01-05,237.49000549316406,8.0600004196167,26.345596313476562,60.323421478271484,115.38999938964844,4.25
2024-01-08,240.4499969482422,7.929999828338623,26.29635238647461,61.139644622802734,116.0,4.349999904632568
2024-01-09,234.9600067138672,7.559999942779541,26.168317794799805,60.255393981933594,117.05999755859375,4.199999809265137
2024-01-10,233.94000244140625,7.409999847412109,25.90239906311035,60.51776123046875,117.54000091552734,4.039999961853027
2024-01-11,227.22000122070312,7.400000095367432,26.66075897216797,59.00190353393555,114.29000091552734,3.7200000286102295
2024-01-12,218.88999938964844,7.170000076293945,26.59181785583496,59.31284713745117,110.22000122070312,3.440000057220459
2024-01-16,219.91000366210938,6.550000190734863,25.754667282104492,58.642364501953125,108.75,3.0399999618530273
2024-01-17,215.5500030517578,6.300000190734863,24.700843811035156,56.62122344970703,105.55000305175781,2.740000009536743
2024-01-18,211.8800048828125,6.28000020980835,24.86827278137207,56.018768310546875,106.66000366210938,2.4200000762939453
2024-01-19,212.19000244140625,6.059999942779541,24.96676254272461,55.639801025390625,103.58999633789062,2.680000066757202
2024-01-22,208.8000030517578,5.980000019073486,24.523563385009766,55.24140548706055,107.1500015258789,2.8399999141693115
2024-01-23,209.13999938964844,6.210000038146973,25.498598098754883,55.75640869140625,111.30000305175781,3.7200000286102295
2024-01-24,207.8300018310547,6.070000171661377,25.272075653076172,55.39687728881836,108.06999969482422,3.4800000190734863
2024-01-25,182.6300048828125,6.039999961853027,24.96676254272461,56.33942794799805,106.83000183105469,3.4000000953674316
2024-01-26,183.25,6.139999866485596,24.3068904876709,56.82528305053711,105.37000274658203,3.4000000953674316
2024-01-29,190.92999267578125,6.139999866485596,22.98714828491211,57.88444137573242,109.16999816894531,3.7899999618530273
2024-01-30,191.58999633789062,5.789999961853027,22.455310821533203,57.60264205932617,106.3499984741211,3.7300000190734863
2024-01-31,187.2899932861328,5.619999885559082,22.159847259521484,56.971038818359375,104.12999725341797,4.449999809265137
2024-02-01,188.86000061035156,5.710000038146973,22.36667251586914,58.05934524536133,105.44000244140625,4.699999809265137
2024-02-02,187.91000366210938,5.539999961853027,21.77574348449707,56.50462341308594,101.76000213623047,4.659999847412109
2024-02-05,181.05999755859375,5.380000114440918,21.65755844116211,54.38631057739258,97.80000305175781,4.349999904632568
2024-02-06,185.10000610351562,6.03000020980835,23.17427635192871,54.638946533203125,100.51000213623047,4.489999771118164
2024-02-07,187.5800018310547,5.860000133514404,23.1644287109375,54.78470230102539,117.51000213623047,4.21999979019165
2024-02-08,189.55999755859375,5.820000171661377,23.144729614257812,54.69725036621094,116.87999725341797,4.190000057220459
2024-02-09,193.57000732421875,5.929999828338623,23.17427635192871,54.979042053222656,122.47000122070312,4.329999923706055
2024-02-12,188.1300048828125,6.079999923706055,23.75535774230957,55.92159652709961,128.89999389648438,4.570000171661377
2024-02-13,184.02000427246094,5.699999809265137,23.144729614257812,53.68667221069336,123.55999755859375,4.170000076293945
2024-02-14,188.7100067138672,6.0,23.341707229614258,54.4251708984375,131.6199951171875,4.230000019073486
2024-02-15,200.4499969482422,6.090000152587891,23.193973541259766,55.64952087402344,136.38999938964844,4.019999980926514
2024-02-16,199.9499969482422,6.139999866485596,23.991729736328125,55.41630554199219,131.8699951171875,3.9600000381469727
2024-02-20,193.75999450683594,5.960000038146973,22.9773006439209,55.00819396972656,127.55000305175781,3.7300000190734863
2024-02-21,194.77000427246094,5.96999979019165,23.53868293762207,55.48432922363281,126.23999786376953,3.4100000858306885
2024-02-22,197.41000366210938,5.849999904632568,23.479589462280273,55.066497802734375,123.44000244140625,3.130000114440918
2024-02-23,191.97000122070312,5.400000095367432,23.144729614257812,55.17338180541992,118.19000244140625,3.009999990463257
2024-02-26,199.39999389648438,5.650000095367432,24.267494201660156,54.08001708984375,119.83999633789062,3.0399999618530273
2024-02-27,199.72999572753906,5.78000020980835,25.15389060974121,54.48206329345703,121.11000061035156,3.549999952316284
2024-02-28,202.0399932861328,5.429999828338623,24.188703536987305,53.97215270996094,119.0999984741211,3.430000066757202
2024-02-29,201.8800048828125,5.75,24.316740036010742,54.119239807128906,127.01000213623047,3.5299999713897705
2024-03-01,202.63999938964844,5.78000020980835,24.700843811035156,54.138851165771484,129.66000366210938,3.890000104904175
2024-03-04,188.13999938964844,5.329999923706055,23.75535774230957,53.90351104736328,123.97000122070312,3.859999895095825
2024-03-05,180.74000549316406,5.480000019073486,24.011425018310547,54.32516860961914,125.08999633789062,3.630000114440918
2024-03-06,176.5399932861328,5.769999980926514,24.336435317993164,54.45264434814453,125.36000061035156,4.019999980926514
2024-03-07,178.64999389648438,5.769999980926514,23.834148406982422,55.15867233276367,129.69000244140625,3.9000000953674316
2024-03-08,175.33999633789062,5.800000190734863,23.617473602294922,56.688411712646484,130.27999877929688,4.019999980926514
2024-03-11,177.77000427246094,6.099999904632568,24.917516708374023,56.74724197387695,128.69000244140625,3.6600000858306885
2024-03-12,177.5399932861328,6.190000057220459,26.197864532470703,56.04121780395508,121.0,3.5399999618530273
2024-03-13,169.47999572753906,5.920000076293945,26.099376678466797,58.38484573364258,118.16999816894531,3.359999895095825
2024-03-14,162.5,5.579999923706055,26.22740936279297,58.38484573364258,110.41000366210938,3.3399999141693115
2024-03-15,163.57000732421875,5.579999923706055,26.40468978881836,58.914371490478516,107.7300033569336,3.3299999237060547
2024-03-18,173.8000030517578,5.539999961853027,27.044862747192383,59.002620697021484,111.19000244140625,3.25
2024-03-19,171.32000732421875,5.190000057220459,27.035015106201172,60.08127975463867,109.16000366210938,3.25
2024-03-20,175.66000366210938,5.099999904632568,27.202444076538086,60.99324035644531,113.69999694824219,3.5199999809265137
2024-03-21,172.82000732421875,5.0,26.946374893188477,60.16953659057617,115.37999725341797,3.5899999141693115
2024-03-22,170.8300018310547,4.889999866485596,26.88728141784668,60.581382751464844,114.61000061035156,3.4100000858306885
2024-03-25,172.6300048828125,4.909999847412109,26.59181785583496,61.395286560058594,111.05000305175781,3.3299999237060547
2024-03-26,177.6699981689453,4.78000020980835,26.611515045166016,60.23817443847656,109.3499984741211,3.2200000286102295
2024-03-27,179.8300018310547,4.670000076293945,25.429655075073242,62.552391052246094,119.80000305175781,3.430000066757202
2024-03-28,175.7899932861328,4.5,24.927366256713867,62.67006301879883,120.9800033569336,3.440000057220459
2024-04-01,175.22000122070312,4.639999866485596,25.459203720092773,62.15034484863281,118.29000091552734,3.440000057220459
2024-04-02,166.6300048828125,4.539999961853027,25.409957885742188,61.6600456237793,113.55000305175781,3.140000104904175
2024-04-03,168.3800048828125,4.489999771118164,25.144041061401367,61.33644485473633,118.5999984741211,3.2300000190734863
2024-04-04,171.11000061035156,4.5,25.163738250732422,62.493553161621094,120.77999877929688,3.1500000953674316
2024-04-05,164.89999389648438,4.389999866485596,25.163738250732422,62.93482208251953,112.2699966430664,3.140000104904175
2024-04-08,172.97999572753906,4.369999885559082,25.56753921508789,63.60163116455078,115.23999786376953,3.119999885559082
2024-04-09,176.8800048828125,4.710000038146973,26.394840240478516,64.11153411865234,121.9800033569336,3.25
2024-04-10,171.75999450683594,4.590000152587891,26.109224319458008,62.768123626708984,119.5999984741211,3.069999933242798
2024-04-11,174.60000610351562,4.460000038146973,26.26680564880371,62.6994743347168,121.69999694824219,2.9600000381469727
2024-04-12,171.0500030517578,4.110000133514404,25.803913116455078,61.85616683959961,117.0199966430664,2.890000104904175
2024-04-15,161.47999572753906,3.890000104904175,25.656177520751953,61.53256607055664,112.47000122070312,2.8499999046325684
2024-04-16,157.11000061035156,3.809999942779541,25.666027069091797,60.50293731689453,110.47000122070312,2.700000047683716
2024-04-17,155.4499969482422,3.9100000858306885,25.547842025756836,62.552391052246094,112.05000305175781,2.7300000190734863
2024-04-18,149.92999267578125,4.0,25.616783142089844,62.768123626708984,109.16999816894531,2.7100000381469727
2024-04-19,147.0500030517578,3.799999952316284,25.262226104736328,63.05249786376953,106.4800033569336,2.569999933242798
2024-04-22,142.0500030517578,4.0,25.34101676940918,64.04290008544922,110.51000213623047,2.490000009536743
2024-04-23,144.67999267578125,4.010000228881836,24.75993537902832,64.9156265258789,113.4800033569336,2.5899999141693115
2024-04-24,162.1300048828125,4.150000095367432,25.262226104736328,65.26864624023438,107.16999816894531,2.4100000858306885
2024-04-25,170.17999267578125,4.130000114440918,25.56753921508789,65.60205841064453,107.83000183105469,2.380000114440918
2024-04-26,168.2899932861328,4.489999771118164,26.76909637451172,64.70970153808594,111.93000030517578,2.4100000858306885
2024-04-29,194.0500030517578,4.599999904632568,27.18274688720703,66.1119613647461,113.8499984741211,2.4000000953674316
2024-04-30,183.27999877929688,4.71999979019165,26.788793563842773,65.67070007324219,108.76000213623047,2.309999942779541
2024-05-01,179.99000549316406,5.269999980926514,27.192596435546875,67.27887725830078,105.16000366210938,2.299999952316284
2024-05-02,180.00999450683594,5.590000152587891,28.857046127319336,67.51421356201172,106.05999755859375,2.450000047683716
2024-05-03,181.19000244140625,5.570000171661377,28.610824584960938,68.77919006347656,114.19999694824219,2.740000009536743
2024-05-06,184.75999450683594,5.690000057220459,28.532033920288086,69.8676528930664,115.08000183105469,2.7100000381469727
2024-05-07,177.80999755859375,5.510000228881836,28.571430206298828,70.5540771484375,114.93000030517578,2.640000104904175
2024-05-08,174.72000122070312,5.21999979019165,28.000198364257812,71.43660736083984,112.36000061035156,2.5199999809265137
2024-05-09,171.97000122070312,5.329999923706055,28.512338638305664,73.133056640625,111.12999725341797,2.7699999809265137
2024-05-10,168.47000122070312,5.070000171661377,27.95095443725586,72.35838317871094,108.3499984741211,2.559999942779541
2024-05-13,171.88999938964844,5.409999847412109,28.16762924194336,73.133056640625,110.77999877929688,2.890000104904175
2024-05-14,177.5500030517578,5.789999961853027,28.09868812561035,73.95675659179688,117.11000061035156,3.440000057220459
2024-05-15,173.99000549316406,5.329999923706055,27.7736759185791,75.55513763427734,115.47000122070312,3.4100000858306885
2024-05-16,174.83999633789062,5.260000228881836,28.266117095947266,74.92754364013672,116.8499984741211,3.430000066757202
2024-05-17,177.4600067138672,5.28000020980835,28.29566192626953,74.6137466430664,114.31999969482422,3.25
2024-05-20,174.9499969482422,5.21999979019165,28.29566192626953,74.39801788330078,113.44999694824219,3.200000047683716
2024-05-21,186.60000610351562,5.25,27.576698303222656,75.45706176757812,111.5,3.0799999237060547
2024-05-22,180.11000061035156,5.239999771118164,26.798641204833984,74.83928680419922,121.2300033569336,3.4100000858306885
2024-05-23,173.74000549316406,4.800000190734863,26.26680564880371,73.85868835449219,117.5,3.0799999237060547
2024-05-24,179.24000549316406,4.829999923706055,26.40468978881836,75.12366485595703,125.18000030517578,3.25
2024-05-28,176.75,4.900000095367432,25.96149253845215,76.02581787109375,129.3800048828125,3.25
2024-05-29,176.19000244140625,4.929999828338623,27.43881607055664,75.19231414794922,125.69000244140625,3.200000047683716
2024-05-30,178.7899932861328,5.400000095367432,27.9903507232666,76.67301177978516,130.66000366210938,3.299999952316284
2024-05-31,178.0800018310547,5.389999866485596,27.72443199157715,78.4675064086914,127.9000015258789,3.3299999237060547
2024-06-03,176.2899932861328,5.340000152587891,28.778255462646484,76.69593048095703,127.55000305175781,3.450000047683716
2024-06-04,174.77000427246094,5.210000038146973,29.044174194335938,76.14323425292969,129.77000427246094,3.2200000286102295
2024-06-05,175.0,5.269999980926514,29.50706672668457,76.04454040527344,133.24000549316406,3.009999990463257
2024-06-06,177.94000244140625,4.909999847412109,28.886592864990234,75.69911193847656,132.3000030517578,3.0
2024-06-07,177.47999572753906,4.829999923706055,28.512338638305664,74.40619659423828,122.75,2.9000000953674316
2024-06-10,173.7899932861328,4.71999979019165,28.404001235961914,75.96558380126953,130.6699981689453,2.9700000286102295
2024-06-11,170.66000366210938,4.460000038146973,28.899999618530273,71.79078674316406,132.41000366210938,2.9200000762939453
2024-06-12,177.2899932861328,4.449999809265137,28.3799991607666,71.31705474853516,134.52000427246094,2.9200000762939453
2024-06-13,182.47000122070312,4.409999847412109,29.389999389648438,72.22504425048828,129.72000122070312,2.8399999141693115
2024-06-14,178.00999450683594,4.329999923706055,29.110000610351562,72.10660552978516,124.61000061035156,2.700000047683716
2024-06-17,187.44000244140625,4.429999828338623,29.729999542236328,71.36638641357422,120.83000183105469,2.7200000286102295
2024-06-18,184.86000061035156,4.429999828338623,30.299999237060547,69.52080535888672,119.01000213623047,2.640000104904175
2024-06-20,181.57000732421875,4.329999923706055,30.219999313354492,71.51443481445312,108.56999969482422,2.5399999618530273
2024-06-21,183.00999450683594,4.300000190734863,30.049999237060547,71.85987091064453,106.66999816894531,2.4100000858306885
2024-06-24,182.5800018310547,4.440000057220459,30.670000076293945,72.88629150390625,108.0199966430664,2.450000047683716
2024-06-25,187.35000610351562,4.369999885559082,30.40999984741211,72.02765655517578,101.8499984741211,2.359999895095825
2024-06-26,196.3699951171875,4.639999866485596,30.209999084472656,72.41255950927734,102.94999694824219,2.450000047683716
2024-06-27,197.4199981689453,4.389999866485596,29.3799991607666,72.75799560546875,105.2300033569336,2.4600000381469727
2024-06-28,197.8800048828125,4.159999847412109,29.5,69.88597106933594,99.70999908447266,2.3299999237060547
2024-07-01,209.86000061035156,4.440000057220459,29.739999771118164,68.98784637451172,97.26000213623047,2.2799999713897705
2024-07-02,231.25999450683594,4.53000020980835,29.510000228881836,69.55040740966797,95.7699966430664,2.2699999809265137
2024-07-03,246.38999938964844,4.869999885559082,29.809999465942383,70.89266204833984,99.16999816894531,2.4700000286102295
2024-07-05,251.52000427246094,4.619999885559082,30.040000915527344,71.14926147460938,97.13999938964844,2.5899999141693115
2024-07-08,252.94000244140625,4.460000038146973,29.760000228881836,71.16900634765625,102.80999755859375,2.640000104904175
2024-07-09,262.3299865722656,4.5,30.280000686645508,71.17887878417969,103.58999633789062,2.569999933242798
2024-07-10,263.260009765625,4.619999885559082,30.719999313354492,71.94869995117188,106.75,2.690000057220459
2024-07-11,241.02999877929688,4.679999828338623,31.280000686645508,73.7251968383789,111.68000030517578,2.930000066757202
2024-07-12,248.22999572753906,4.869999885559082,31.510000228881836,75.00823974609375,119.33999633789062,3.069999933242798
2024-07-15,252.63999938964844,4.630000114440918,31.209999084472656,70.04388427734375,113.05999755859375,3.2100000381469727
2024-07-16,256.55999755859375,4.900000095367432,30.959999084472656,70.96174621582031,116.16999816894531,3.3399999141693115
2024-07-17,248.5,4.590000152587891,30.350000381469727,69.97480010986328,111.1500015258789,3.059999942779541
2024-07-18,249.22999572753906,4.539999961853027,30.540000915527344,70.7347412109375,107.94999694824219,2.9200000762939453
2024-07-19,239.1999969482422,4.460000038146973,31.059999465942383,71.06044006347656,105.45999908447266,2.5199999809265137
2024-07-22,251.50999450683594,4.690000057220459,31.5,71.94869995117188,104.73999786376953,2.5
2024-07-23,246.3800048828125,4.480000019073486,30.389999389648438,71.16900634765625,103.63999938964844,2.490000009536743
2024-07-24,215.99000549316406,4.300000190734863,29.510000228881836,74.42594909667969,116.91000366210938,2.430000066757202
2024-07-25,220.25,4.269999980926514,30.299999237060547,72.48165130615234,117.5199966430664,2.3299999237060547
2024-07-26,219.8000030517578,4.429999828338623,30.309999465942383,73.29095458984375,119.33999633789062,2.490000009536743
2024-07-29,232.10000610351562,4.389999866485596,29.469999313354492,73.36990356445312,113.72000122070312,2.4000000953674316
2024-07-30,222.6199951171875,4.420000076293945,28.670000076293945,73.3106918334961,109.37000274658203,2.4000000953674316
2024-07-31,232.07000732421875,4.440000057220459,29.84000015258789,75.39315032958984,115.11000061035156,2.4700000286102295
2024-08-01,216.86000061035156,4.059999942779541,28.600000381469727,77.36705017089844,109.68000030517578,2.319999933242798
2024-08-02,207.6699981689453,4.050000190734863,27.899999618530273,78.1664810180664,105.19000244140625,2.1600000858306885
2024-08-05,198.8800048828125,3.890000104904175,27.309999465942383,75.67936706542969,103.38999938964844,2.2100000381469727
2024-08-06,200.63999938964844,3.7699999809265137,27.040000915527344,75.96558380126953,101.52999877929688,2.1500000953674316
2024-08-07,191.75999450683594,3.6700000762939453,26.899999618530273,76.54788208007812,103.41999816894531,2.0799999237060547
2024-08-08,198.83999633789062,3.819999933242798,27.0,76.52814483642578,108.80000305175781,2.0799999237060547
2024-08-09,200.0,3.7799999713897705,27.5,76.4491958618164,107.86000061035156,1.9700000286102295
2024-08-12,197.49000549316406,3.759999990463257,27.190000534057617,76.567626953125,109.11000061035156,1.9500000476837158
2024-08-13,207.8300018310547,3.890000104904175,27.510000228881836,77.10057830810547,112.5199966430664,2.140000104904175
2024-08-14,201.3800048828125,3.7200000286102295,27.350000381469727,76.99201965332031,111.1500015258789,2.0199999809265137
2024-08-15,214.13999938964844,3.8299999237060547,27.889999389648438,76.39984893798828,117.12000274658203,2.119999885559082
2024-08-16,216.1199951171875,3.950000047683716,28.600000381469727,77.5447006225586,116.38999938964844,2.2100000381469727
2024-08-19,222.72000122070312,4.070000171661377,28.68000030517578,78.31452178955078,119.70999908447266,2.2899999618530273
2024-08-20,221.10000610351562,3.8499999046325684,28.209999084472656,77.94935607910156,116.9800033569336,2.130000114440918
2024-08-21,223.27000427246094,3.990000009536743,29.0,78.60074615478516,119.30999755859375,2.200000047683716
2024-08-22,210.66000366210938,3.990000009536743,28.899999618530273,77.89013671875,115.48999786376953,2.119999885559082
2024-08-23,220.32000732421875,4.079999923706055,29.0,78.6204833984375,123.0,2.200000047683716
2024-08-26,213.2100067138672,4.03000020980835,28.75,79.58769226074219,122.58999633789062,2.1500000953674316
2024-08-27,209.2100067138672,4.0,29.200000762939453,78.57113647460938,122.52999877929688,2.069999933242798
2024-08-28,205.75,3.700000047683716,28.639999389648438,78.37374877929688,123.6500015258789,1.940000057220459
2024-08-29,206.27999877929688,3.940000057220459,29.239999771118164,78.98565673828125,121.30000305175781,1.940000057220459
2024-08-30,214.11000061035156,4.039999961853027,30.5,79.97402954101562,121.04000091552734,1.8799999952316284
2024-09-03,210.60000610351562,4.150000095367432,30.0,79.39788818359375,112.91000366210938,1.75
2024-09-04,219.41000366210938,4.239999771118164,30.040000915527344,80.54023742675781,113.11000061035156,1.7400000095367432
2024-09-05,230.1699981689453,4.849999904632568,30.299999237060547,79.79522705078125,112.08000183105469,1.7100000381469727
2024-09-06,210.72999572753906,5.019999980926514,29.799999237060547,79.44756317138672,108.6500015258789,1.6100000143051147
2024-09-09,216.27000427246094,5.570000171661377,30.299999237060547,80.64950561523438,103.04000091552734,1.7100000381469727
2024-09-10,226.1699981689453,5.480000019073486,30.040000915527344,81.75211334228516,104.61000061035156,1.8799999952316284
2024-09-11,228.1300048828125,5.599999904632568,31.0,82.87458801269531,110.58999633789062,1.940000057220459
2024-09-12,229.80999755859375,5.28000020980835,30.579999923706055,82.90438842773438,105.83000183105469,1.940000057220459
2024-09-13,230.2899932861328,5.550000190734863,30.639999389648438,84.08647155761719,109.91000366210938,1.9600000381469727
2024-09-16,226.77999877929688,5.400000095367432,30.65999984741211,84.0765380859375,111.48999786376953,1.9700000286102295
2024-09-17,227.8699951171875,5.409999847412109,31.0,84.40434265136719,118.52999877929688,2.0899999141693115
2024-09-18,227.1999969482422,5.019999980926514,31.0,83.71893310546875,119.73999786376953,2.0999999046325684
2024-09-19,243.9199981689453,5.400000095367432,31.739999771118164,81.74217987060547,117.36000061035156,2.059999942779541
2024-09-20,238.25,5.28000020980835,31.3799991607666,82.20905303955078,114.9000015258789,1.940000057220459
2024-09-23,250.0,5.320000171661377,31.030000686645508,84.25534057617188,117.0,2.0
2024-09-24,254.27000427246094,5.940000057220459,33.0,83.72886657714844,116.69000244140625,2.0799999237060547
2024-09-25,257.0199890136719,5.650000095367432,32.65999984741211,84.05667114257812,113.29000091552734,1.9500000476837158
2024-09-26,254.22000122070312,5.78000020980835,33.95000076293945,82.90438842773438,113.61000061035156,2.059999942779541
2024-09-27,260.4599914550781,6.519999980926514,35.40999984741211,83.97720336914062,115.0,2.2799999713897705
2024-09-30,261.6300048828125,6.679999828338623,35.560001373291016,83.96726989746094,113.0199966430664,2.259999990463257
2024-10-01,258.0199890136719,7.03000020980835,37.29999923706055,84.70233917236328,111.19999694824219,2.059999942779541
2024-10-02,249.02000427246094,7.210000038146973,37.9900016784668,84.86127471923828,108.26000213623047,2.1600000858306885
2024-10-03,240.66000366210938,6.699999809265137,38.02000045776367,84.48381042480469,106.79000091552734,2.059999942779541
2024-10-04,250.0800018310547,6.769999980926514,38.97999954223633,83.29179382324219,105.94999694824219,2.1500000953674316
2024-10-07,240.8300018310547,6.789999961853027,41.75,79.7554931640625,106.36000061035156,2.25
2024-10-08,244.5,6.239999771118164,37.75,79.96409606933594,104.16999816894531,2.059999942779541
2024-10-09,241.0500030517578,6.289999961853027,37.5,80.04356384277344,105.31999969482422,2.0399999618530273
2024-10-10,238.77000427246094,6.21999979019165,38.25,80.40116882324219,99.19000244140625,1.9700000286102295
2024-10-11,217.8000030517578,6.239999771118164,38.04999923706055,81.3150405883789,100.97000122070312,2.119999885559082
2024-10-14,219.16000366210938,5.789999961853027,36.66999816894531,82.3580551147461,101.47000122070312,2.0799999237060547
2024-10-15,219.57000732421875,5.619999885559082,34.810001373291016,82.23885345458984,92.04000091552734,2.059999942779541
2024-10-16,221.3300018310547,5.510000228881836,35.130001068115234,83.82820129394531,93.12999725341797,2.069999933242798
2024-10-17,220.88999938964844,5.150000095367432,34.380001068115234,83.22225952148438,91.56999969482422,2.0399999618530273
2024-10-18,220.6999969482422,5.21999979019165,36.86000061035156,83.81826782226562,91.63999938964844,2.240000009536743
2024-10-21,218.85000610351562,5.139999866485596,36.83000183105469,83.47059631347656,90.41999816894531,2.369999885559082
2024-10-22,217.97000122070312,5.230000019073486,36.7400016784668,83.14279174804688,92.2300033569336,2.2200000286102295
2024-10-23,213.64999389648438,5.190000057220459,36.599998474121094,84.39440155029297,78.47000122070312,2.0799999237060547
2024-10-24,260.4800109863281,4.980000019073486,36.650001525878906,82.25871276855469,81.0999984741211,2.130000114440918
2024-10-25,269.19000244140625,5.260000228881836,37.58000183105469,80.88790893554688,83.83000183105469,2.1500000953674316
2024-10-28,262.510009765625,5.809999942779541,38.31999969482422,82.31832122802734,84.68000030517578,2.240000009536743
2024-10-29,259.5199890136719,5.599999904632568,38.369998931884766,79.03034973144531,83.06999969482422,2.130000114440918
2024-10-30,257.54998779296875,5.349999904632568,38.369998931884766,78.5634765625,82.47000122070312,2.009999990463257
2024-10-31,249.85000610351562,5.099999904632568,36.5,78.72241973876953,83.04000091552734,1.9600000381469727
2024-11-01,248.97999572753906,5.099999904632568,35.779998779296875,76.83506774902344,83.54000091552734,2.0899999141693115
2024-11-04,242.83999633789062,5.139999866485596,36.81999969482422,77.84828186035156,87.45999908447266,2.509999990463257
2024-11-05,251.44000244140625,5.28000020980835,37.709999084472656,78.12641143798828,89.94000244140625,2.5199999809265137
2024-11-06,288.5299987792969,5.0,35.91999816894531,74.0239028930664,74.80999755859375,1.9700000286102295
2024-11-07,296.9100036621094,5.309999942779541,36.68000030517578,74.12324523925781,71.58999633789062,2.0399999618530273
2024-11-08,321.2200012207031,5.090000152587891,35.20000076293945,76.45759582519531,66.9000015258789,2.059999942779541
2024-11-11,350.0,5.059999942779541,35.619998931884766,75.40465545654297,63.65999984741211,1.9900000095367432
2024-11-12,328.489990234375,4.579999923706055,34.81999969482422,73.76564025878906,60.09000015258789,1.909999966621399
2024-11-13,330.239990234375,4.610000133514404,34.810001373291016,73.74576568603516,60.38999938964844,1.9700000286102295
2024-11-14,311.17999267578125,4.429999828338623,33.869998931884766,74.77884674072266,63.560001373291016,1.9700000286102295
2024-11-15,320.7200012207031,4.489999771118164,33.970001220703125,75.84172058105469,59.52000045776367,1.8700000047683716
2024-11-18,338.739990234375,4.670000076293945,34.4900016784668,75.88145446777344,62.400001525878906,1.9900000095367432
2024-11-19,346.0,4.630000114440918,34.189998626708984,76.56686401367188,61.36000061035156,1.9199999570846558
2024-11-20,342.0299987792969,4.650000095367432,33.900001525878906,76.36819458007812,63.380001068115234,1.9199999570846558
2024-11-21,339.6400146484375,4.699999809265137,33.849998474121094,76.84500122070312,63.56999969482422,1.8899999856948853
2024-11-22,352.55999755859375,4.840000152587891,33.29999923706055,76.0,66.29000091552734,1.9199999570846558
2024-11-25,338.5899963378906,4.670000076293945,33.439998626708984,76.63999938964844,71.91000366210938,2.200000047683716
2024-11-26,338.2300109863281,4.309999942779541,32.869998931884766,77.48999786376953,70.5,2.069999933242798
2024-11-27,332.8900146484375,4.380000114440918,33.29999923706055,78.5199966430664,72.36000061035156,2.130000114440918
2024-11-29,345.1600036621094,4.480000019073486,32.95000076293945,78.66999816894531,71.3499984741211,2.240000009536743
2024-12-02,357.0899963378906,4.400000095367432,33.63999938964844,77.06999969482422,75.12000274658203,2.299999952316284
2024-12-03,351.4200134277344,4.639999866485596,33.560001373291016,76.29000091552734,73.26000213623047,2.0199999809265137
2024-12-04,357.92999267578125,4.599999904632568,33.279998779296875,75.73999786376953,73.12000274658203,2.130000114440918
2024-12-05,369.489990234375,4.610000133514404,32.900001525878906,76.19999694824219,70.33999633789062,2.450000047683716
2024-12-06,389.2200012207031,4.610000133514404,34.04999923706055,75.23999786376953,71.55999755859375,2.380000114440918
2024-12-09,389.7900085449219,5.179999828338623,36.279998779296875,74.69999694824219,76.38999938964844,2.6700000762939453
2024-12-10,400.989990234375,4.769999980926514,35.11000061035156,74.13999938964844,74.44999694824219,2.509999990463257
2024-12-11,424.7699890136719,4.670000076293945,35.150001525878906,73.9800033569336,74.2300033569336,2.5
2024-12-12,418.1000061035156,4.590000152587891,35.619998931884766,73.22000122070312,73.0,2.4000000953674316
2024-12-13,436.2300109863281,4.510000228881836,34.4900016784668,73.62000274658203,73.83999633789062,2.430000066757202
2024-12-16,463.0199890136719,4.420000076293945,33.650001525878906,72.79000091552734,71.62000274658203,2.450000047683716
2024-12-17,479.8599853515625,4.539999961853027,34.560001373291016,72.2699966430664,73.4000015258789,2.4600000381469727
2024-12-18,440.1300048828125,4.320000171661377,33.61000061035156,70.5199966430664,68.80000305175781,2.2200000286102295
2024-12-19,436.1700134277344,4.400000095367432,34.09000015258789,69.7699966430664,65.80000305175781,2.299999952316284
2024-12-20,421.05999755859375,4.539999961853027,34.400001525878906,71.66999816894531,71.44999694824219,2.559999942779541
2024-12-23,430.6000061035156,4.480000019073486,34.439998626708984,72.48999786376953,73.0,2.430000066757202
2024-12-24,462.2799987792969,4.619999885559082,35.650001525878906,72.91000366210938,73.27999877929688,2.4200000762939453
2024-12-26,454.1300048828125,4.690000057220459,35.38999938964844,72.37000274658203,73.01000213623047,2.380000114440918
2024-12-27,431.6600036621094,4.480000019073486,35.0,72.11000061035156,72.12999725341797,2.380000114440918
2024-12-30,417.4100036621094,4.380000114440918,34.45000076293945,71.76000213623047,70.19000244140625,2.2799999713897705
2024-12-31,403.8399963378906,4.360000133514404,34.0,71.69000244140625,68.68000030517578,2.130000114440918
2025-01-02,379.2799987792969,4.550000190734863,33.31999969482422,71.61000061035156,71.36000061035156,2.3299999237060547
2025-01-03,410.44000244140625,4.630000114440918,33.63999938964844,71.98999786376953,72.1500015258789,2.630000114440918
2025-01-06,411.04998779296875,4.710000038146973,33.08000183105469,71.23999786376953,71.37999725341797,3.1500000953674316
2025-01-07,394.3599853515625,4.510000228881836,33.33000183105469,70.43000030517578,73.51000213623047,2.950000047683716
2025-01-08,394.94000244140625,4.320000171661377,32.810001373291016,70.66000366210938,69.66000366210938,2.6700000762939453
2025-01-10,394.739990234375,4.170000076293945,32.02000045776367,67.37999725341797,66.73999786376953,2.869999885559082
2025-01-13,403.30999755859375,4.059999942779541,31.93000030517578,66.95999908447266,66.87000274658203,2.7100000381469727
2025-01-14,396.3599853515625,4.079999923706055,33.119998931884766,67.9800033569336,65.44999694824219,2.6600000858306885
2025-01-15,428.2200012207031,4.099999904632568,33.33000183105469,69.29000091552734,65.83000183105469,2.7100000381469727
2025-01-16,413.82000732421875,4.159999847412109,33.349998474121094,71.37000274658203,63.470001220703125,2.740000009536743
2025-01-17,426.5,4.360000133514404,34.08000183105469,70.76000213623047,63.689998626708984,2.440000057220459
2025-01-21,424.07000732421875,4.179999828338623,35.5,70.8499984741211,62.84000015258789,2.200000047683716
2025-01-22,415.1099853515625,4.28000020980835,35.560001373291016,68.48999786376953,60.9900016784668,2.0299999713897705
2025-01-23,412.3800048828125,4.130000114440918,34.779998779296875,69.2300033569336,64.29000091552734,2.0899999141693115
2025-01-24,406.5799865722656,4.289999961853027,35.220001220703125,72.83000183105469,63.36000061035156,2.0799999237060547
2025-01-27,397.1499938964844,4.269999980926514,35.220001220703125,73.83000183105469,63.95000076293945,1.9500000476837158
2025-01-28,398.0899963378906,4.320000171661377,35.08000183105469,70.54000091552734,62.2400016784668,1.9600000381469727
2025-01-29,389.1000061035156,4.21999979019165,35.25,70.88999938964844,60.869998931884766,1.8799999952316284
2025-01-30,400.2799987792969,4.440000057220459,35.939998626708984,71.30000305175781,62.04999923706055,1.9199999570846558
2025-01-31,404.6000061035156,4.320000171661377,35.02000045776367,71.55999755859375,62.279998779296875,1.8600000143051147
2025-02-03,383.67999267578125,4.28000020980835,35.099998474121094,71.05000305175781,63.90999984741211,1.8600000143051147
2025-02-04,392.2099914550781,4.389999866485596,36.79999923706055,69.9000015258789,66.25,1.9500000476837158
2025-02-05,378.1700134277344,4.199999809265137,36.54999923706055,69.19999694824219,65.2699966430664,1.850000023841858
2025-02-06,374.32000732421875,4.199999809265137,39.77000045776367,69.2699966430664,66.51000213623047,1.909999966621399
2025-02-07,361.6199951171875,4.239999771118164,42.099998474121094,68.2699966430664,63.529998779296875,1.840000033378601
2025-02-10,350.7300109863281,4.329999923706055,43.47999954223633,69.69999694824219,63.04999923706055,1.7200000286102295
2025-02-11,328.5,4.039999961853027,42.41999816894531,70.33000183105469,62.58000183105469,1.6200000047683716
2025-02-12,336.510009765625,4.210000038146973,45.77000045776367,69.27999877929688,61.119998931884766,1.649999976158142
2025-02-13,355.94000244140625,4.260000228881836,44.15999984741211,68.5999984741211,62.59000015258789,1.7599999904632568
2025-02-14,355.8399963378906,4.440000057220459,46.66999816894531,68.05999755859375,63.939998626708984,1.7599999904632568
